date;expediteur;objet;type
2026-03-02;Mairie de Décines;Demande de subvention association sportive;arrivee
2026-03-03;Préfecture du Rhône;Contrôle de légalité - délibération 2026-014;arrivee
2026-03-04;M. Bernard Dupont;Réclamation voirie rue des Lilas;arrivee
2026-03-05;Conseil Départemental;Notification dotation 2026;arrivee
2026-03-05;Service Urbanisme;Réponse permis de construire PC069123;depart
2026-03-06;Mme Sophie Laurent;Demande d'acte de naissance;arrivee
2026-03-07;Trésorerie Municipale;Titre de recette T-2026-0342;arrivee
2026-03-09;Cabinet du Maire;Invitation cérémonie du 8 mai;depart
2026-03-10;Entreprise Veolia Eau;Facture entretien réseau mars;arrivee

2026-03-11;Ligne mal formée avec trop peu de colonnes
2026-03-12;Association Les Petits Loups;Convention;Occupation salle;arrivee;extra
2026-03-13;;Objet sans expéditeur;depart
2026-03-14;CCAS;Aide sociale dossier 2026-0088;depart
2026-03-16;Région Auvergne-Rhône-Alpes;Appel à projets transition écologique;arrivee
